<users>
  <user key="1" name="Demo Teacher" role="TEACHER" admin="false" creationDate="2023-04-13T23:10:42.368295Z">
    <authUsers>
      <authUser username="demo-teacher" email="demo_teacher@mail.com" type="DEMO" isActive="true" />
    </authUsers>
    <courseExecutions>
      <courseExecution executionId="2" />
      <courseExecution executionId="1" />
      <courseExecution executionId="3" />
    </courseExecutions>
  </user>
  <user key="2" name="Demo Admin" role="DEMO_ADMIN" admin="false" creationDate="2023-04-18T23:23:30.537131Z">
    <authUsers>
      <authUser username="demo-admin" email="demo_admin@mail.com" type="DEMO" isActive="true" />
    </authUsers>
    <courseExecutions>
      <courseExecution executionId="1" />
    </courseExecutions>
  </user>
</users>